<odoo>
    <!--commission_line-->
    <!--user access-->
    <record id="group_user_commission_lines" model="res.groups">
        <field name="name">Commission Line User Access</field>
    </record>
    <record id="commission_lines_user" model="ir.rule">
        <field name="name">Commission Lines User</field>
        <field name="model_id" ref="model_commission_lines"/>
        <field name="groups" eval="[(4, ref('sales_team.group_sale_salesman'))]"/>
        <field name="domain_force">['|',('user_id','=',user.id),('user_id','=',False)]</field>
    </record>
    <!--manager access-->
    <record id="group_manager_commission_lines" model="res.groups">
        <field name="name">Commission Lines Manager Access</field>
    </record>
    <record id="commission_lines_manager" model="ir.rule">
        <field name="name">Commission Lines manager</field>
        <field name="model_id" ref="model_commission_lines"/>
        <field name="groups" eval="[(4, ref('sales_team.group_sale_salesman_all_leads'))]"/>
        <field name="domain_force">[(1,'=',1)]</field>
    </record>


    <!--sales_commission-->
    <!--user access-->
    <record id="sales_commission_user_group" model="res.groups">
        <field name="name">Sales Commission User Access</field>
    </record>
    <record id="sales_commission_user" model="ir.rule">
        <field name="name">Sales Commission User</field>
        <field name="model_id" ref="model_sales_commission"/>
        <field name="groups" eval="[(4, ref('sales_team.group_sale_salesman'))]"/>
    </record>
    <!--manager access-->
    <record id="sales_commission_manager_group" model="res.groups">
        <field name="name">Sales Commission Manager Access</field>
    </record>
    <record id="sales_commission_manager" model="ir.rule">
        <field name="name">Sales Commission manager</field>
        <field name="model_id" ref="model_sales_commission"/>
        <field name="groups" eval="[(4, ref('sales_team.group_sale_salesman_all_leads'))]"/>
    </record>
</odoo>